date,bdi,bci_capesize,bpi_panamax,bsi_supramax,bhsi_handysize,vlsfo_usd_mt,mgo_usd_mt
2023-08-26,1703,2303,2083,1603,1148,597.57,854.76
2023-08-27,1705,2307,2072,1590,1155,600.79,854.26
2023-08-28,1694,2290,2056,1585,1147,603.24,854.58
2023-08-29,1711,2308,2036,1587,1139,606.13,854.2
2023-08-30,1711,2306,2023,1571,1128,610.04,858.33
2023-08-31,1725,2312,2039,1576,1125,609,855.96
2023-09-01,1719,2323,2033,1562,1127,606.21,855.47
2023-09-02,1712,2303,2012,1580,1128,602.9,860.38
2023-09-03,1710,2318,1997,1582,1141,600.4,862.17
2023-09-04,1707,2315,2012,1572,1148,602.85,858.08
2023-09-05,1686,2291,2021,1569,1143,602.89,858.25
2023-09-06,1669,2326,2014,1579,1138,604.21,862.36
2023-09-07,1669,2323,2038,1579,1150,602.74,865.24
2023-09-08,1688,2341,2042,1592,1151,601.19,863.6
2023-09-09,1680,2338,2047,1598,1141,601.1,863.1
2023-09-10,1659,2353,2042,1597,1152,598.1,862.31
2023-09-11,1651,2348,2030,1593,1157,601.59,857.43
2023-09-12,1652,2371,2034,1581,1155,598.61,860.52
2023-09-13,1648,2343,2040,1576,1150,597.71,858.61
2023-09-14,1655,2323,2030,1594,1143,599.02,858.7
2023-09-15,1670,2299,2024,1585,1139,596.37,863.23
2023-09-16,1682,2306,2027,1586,1137,594.73,862.06
2023-09-17,1679,2303,2019,1582,1128,596.59,861.09
2023-09-18,1658,2294,2022,1572,1138,599.91,865.68
2023-09-19,1673,2277,2024,1563,1147,602.41,870.45
2023-09-20,1667,2287,2035,1577,1139,603.84,875.32
2023-09-21,1691,2263,2029,1563,1140,601.22,875.24
2023-09-22,1676,2285,2018,1554,1137,603.18,874.26
2023-09-23,1699,2292,2017,1560,1148,603.1,873.74
2023-09-24,1681,2311,2001,1564,1150,601.84,872.51
2023-09-25,1669,2334,2001,1570,1151,598.29,873.7
2023-09-26,1679,2311,2019,1561,1141,597.97,875.96
2023-09-27,1701,2315,1997,1567,1139,597.97,874.51
2023-09-28,1697,2340,2016,1583,1141,594.4,876.71
2023-09-29,1687,2349,1993,1583,1145,597.46,874.95
2023-09-30,1706,2381,1992,1583,1154,593.67,870.19
2023-10-01,1484,2074,1730,1379,1007,594.38,871.3
2023-10-02,1470,2091,1745,1394,1006,591.11,870.61
2023-10-03,1490,2120,1742,1389,1016,593.53,869.25
2023-10-04,1484,2094,1763,1394,1025,595.51,872.66
2023-10-05,1470,2093,1745,1388,1020,594.96,874.86
2023-10-06,1480,2077,1743,1398,1023,594.93,877.74
2023-10-07,1494,2064,1731,1403,1018,594,875.03
2023-10-08,1500,2042,1738,1400,1010,594.3,873.79
2023-10-09,1496,2068,1718,1388,1006,595.9,877.13
2023-10-10,1498,2039,1733,1386,999,593.17,875.86
2023-10-11,1480,2027,1743,1377,990,594.82,878.33
2023-10-12,1465,2050,1746,1378,996,598.74,876.08
2023-10-13,1476,2038,1749,1384,991,597.96,876.8
2023-10-14,1481,2025,1759,1380,991,598.02,875.05
2023-10-15,1490,2042,1777,1379,990,596.56,871.36
2023-10-16,1489,2058,1799,1390,993,596.71,866.31
2023-10-17,1507,2062,1786,1398,991,596.3,862.72
2023-10-18,1494,2052,1806,1406,995,598.15,861.04
2023-10-19,1493,2057,1814,1398,1001,599.46,857.88
2023-10-20,1481,2076,1808,1409,1010,602.55,856.45
2023-10-21,1475,2063,1811,1418,1016,605.33,855.1
2023-10-22,1459,2046,1804,1424,1022,606.29,857.8
2023-10-23,1451,2053,1820,1410,1020,605.13,861.56
2023-10-24,1456,2040,1812,1424,1025,604.29,861.25
2023-10-25,1442,2015,1800,1435,1030,602.78,856.29
2023-10-26,1424,1999,1790,1439,1039,602.07,855.75
2023-10-27,1437,1975,1812,1431,1046,602.59,852.72
2023-10-28,1420,1978,1813,1431,1039,605.62,856.78
2023-10-29,1431,1997,1815,1425,1033,602.15,861.65
2023-10-30,1421,2023,1833,1427,1040,599.32,863.72
2023-10-31,1413,2051,1819,1442,1031,602.93,867.61
2023-11-01,1427,2068,1841,1435,1029,600.3,863.92
2023-11-02,1427,2091,1854,1424,1023,603.35,861.3
2023-11-03,1424,2107,1846,1416,1023,600.17,859.27
2023-11-04,1445,2105,1834,1420,1029,600.39,861.07
2023-11-05,1439,2113,1830,1432,1031,599.92,864.16
2023-11-06,1438,2141,1819,1439,1021,602.35,861.57
2023-11-07,1454,2131,1801,1436,1027,605.77,859.7
2023-11-08,1469,2116,1805,1445,1025,607.7,860.62
2023-11-09,1452,2125,1820,1452,1020,608.66,857.54
2023-11-10,1459,2123,1822,1459,1029,606.23,853.57
2023-11-11,1469,2138,1819,1454,1029,608.63,855.99
2023-11-12,1489,2121,1825,1464,1021,607.71,854.36
2023-11-13,1481,2117,1812,1469,1014,610.64,850.33
2023-11-14,1482,2129,1828,1459,1012,607.3,852.17
2023-11-15,1469,2105,1819,1451,1020,603.85,847.95
2023-11-16,1466,2094,1832,1449,1023,600.92,844.73
2023-11-17,1484,2115,1848,1448,1026,600.32,847.09
2023-11-18,1472,2112,1857,1451,1022,599.56,848.96
2023-11-19,1455,2113,1872,1456,1023,602.8,851.36
2023-11-20,1454,2096,1876,1466,1013,600.88,852.27
2023-11-21,1465,2090,1884,1474,1023,603.96,856.17
2023-11-22,1463,2106,1876,1480,1017,600.29,857.84
2023-11-23,1462,2136,1869,1484,1024,600.78,861.22
2023-11-24,1473,2138,1850,1497,1024,601.66,863.39
2023-11-25,1471,2113,1838,1509,1031,602.93,859.73
2023-11-26,1453,2098,1850,1495,1035,604.52,859.64
2023-11-27,1455,2112,1847,1499,1026,606.8,864
2023-11-28,1460,2141,1857,1493,1035,605.45,868.51
2023-11-29,1443,2122,1859,1501,1044,606.92,866.51
2023-11-30,1463,2129,1838,1489,1034,603.03,871.18
2023-12-01,1454,2145,1855,1475,1026,601.02,875.2
2023-12-02,1460,2131,1851,1484,1028,603.25,880.04
2023-12-03,1446,2129,1843,1479,1019,599.97,875.36
2023-12-04,1453,2102,1857,1464,1024,600.26,873.75
2023-12-05,1439,2116,1850,1454,1032,599.99,873.35
2023-12-06,1432,2116,1831,1445,1024,601.32,871.04
2023-12-07,1430,2119,1829,1439,1020,598.25,870.41
2023-12-08,1418,2139,1827,1443,1018,600.37,870.73
2023-12-09,1411,2133,1845,1439,1011,603.46,872.13
2023-12-10,1417,2133,1830,1444,1002,605.68,872.61
2023-12-11,1413,2115,1822,1446,993,607.37,867.52
2023-12-12,1407,2095,1822,1447,990,607.54,864.23
2023-12-13,1396,2097,1822,1446,997,605.24,868.08
2023-12-14,1391,2072,1817,1446,1004,608.59,866.12
2023-12-15,1399,2068,1831,1456,1008,607.95,863.73
2023-12-16,1408,2097,1815,1465,1005,606.74,868.15
2023-12-17,1410,2080,1825,1469,1012,605.44,864.8
2023-12-18,1394,2070,1836,1482,1006,606.55,864.91
2023-12-19,1402,2061,1818,1469,1006,607.65,863.38
2023-12-20,1402,2091,1806,1483,1001,605.17,867.56
2023-12-21,1386,2111,1825,1470,1007,607.25,867.53
2023-12-22,1370,2101,1832,1459,1015,605.72,869.23
2023-12-23,1378,2125,1829,1467,1022,602.25,872.91
2023-12-24,1365,2108,1808,1454,1027,606.22,872
2023-12-25,1387,2103,1814,1444,1022,602.88,870.49
2023-12-26,1369,2078,1835,1439,1031,606.75,866.51
2023-12-27,1358,2085,1819,1442,1028,609.47,862.86
2023-12-28,1341,2083,1798,1437,1027,607.38,860.22
2023-12-29,1331,2083,1803,1428,1027,603.8,857.23
2023-12-30,1315,2068,1788,1437,1023,607.1,858.89
2023-12-31,1314,2058,1799,1435,1016,609.79,855.37
2024-01-01,1300,2062,1815,1421,1014,606.07,851.65
2024-01-02,1286,2047,1794,1432,1008,602.47,849.59
2024-01-03,1279,2058,1774,1439,1008,599.21,846.81
2024-01-04,1262,2042,1782,1425,1003,601.82,847.29
2024-01-05,1275,2071,1783,1422,1005,598.8,846.84
2024-01-06,1277,2079,1771,1418,1010,599.05,848.67
2024-01-07,1264,2055,1772,1427,1018,601.03,846.29
2024-01-08,1259,2062,1751,1420,1024,601.02,845.79
2024-01-09,1257,2073,1732,1409,1028,597.25,845.1
2024-01-10,1252,2074,1729,1422,1018,596.58,846.74
2024-01-11,1246,2092,1740,1413,1021,600.35,848.85
2024-01-12,1238,2110,1726,1400,1025,601.78,843.92
2024-01-13,1249,2108,1745,1403,1026,602.4,844.5
2024-01-14,1257,2137,1766,1403,1018,601.8,849.36
2024-01-15,1244,2137,1761,1390,1025,599.52,849.76
2024-01-16,1230,2124,1756,1383,1020,602.27,845.88
2024-01-17,1226,2105,1745,1375,1019,603.01,841.19
2024-01-18,1243,2075,1742,1373,1011,599.98,839.78
2024-01-19,1257,2100,1747,1383,1006,600.13,837.51
2024-01-20,1270,2106,1744,1394,1010,601.58,842.12
2024-01-21,1268,2077,1744,1407,1013,599.56,846.37
2024-01-22,1273,2062,1743,1416,1008,595.86,841.71
2024-01-23,1269,2055,1722,1405,1004,598.79,837.92
2024-01-24,1265,2082,1705,1414,1003,599.87,833.75
2024-01-25,1270,2065,1689,1428,1012,596.63,835.42
2024-01-26,1263,2062,1709,1420,1006,597.36,832.69
2024-01-27,1264,2072,1731,1418,1014,594.65,835.23
2024-01-28,1256,2101,1728,1426,1017,592.82,831.33
2024-01-29,1255,2083,1707,1418,1013,591.72,830.06
2024-01-30,1253,2056,1699,1424,1021,588.69,826.55
2024-01-31,1253,2031,1721,1424,1014,592.05,830.21
2024-02-01,1255,2060,1710,1421,1005,591.72,827.15
2024-02-02,1248,2049,1726,1436,1012,595.65,829.67
2024-02-03,1272,2025,1745,1427,1022,592.71,827.89
2024-02-04,1286,2009,1739,1435,1020,595.23,828.89
2024-02-05,1289,2012,1721,1422,1029,597.23,828.03
2024-02-06,1312,2015,1730,1435,1036,596.79,827.38
2024-02-07,1317,1998,1744,1432,1027,597.68,827.06
2024-02-08,1328,1989,1768,1425,1033,599,830.42
2024-02-09,1335,1979,1759,1429,1035,599.67,832.58
2024-02-10,1353,1963,1762,1423,1039,600.45,837.65
2024-02-11,1347,1965,1765,1438,1034,600.1,841.28
2024-02-12,1341,1981,1762,1450,1033,596.48,846.15
2024-02-13,1350,2007,1765,1460,1041,597.69,846.72
2024-02-14,1363,1988,1767,1453,1040,594.64,845.44
2024-02-15,1359,1991,1787,1450,1033,591.01,840.51
2024-02-16,1345,2009,1782,1453,1025,593.52,837.66
2024-02-17,1335,2036,1786,1462,1017,592.29,838.7
2024-02-18,1355,2020,1785,1449,1025,589.07,838.31
2024-02-19,1366,2049,1788,1459,1016,592.02,841.21
2024-02-20,1373,2067,1780,1451,1015,589.9,838.59
2024-02-21,1377,2059,1774,1459,1021,587.21,838.76
2024-02-22,1370,2080,1797,1449,1016,588.59,835.14
2024-02-23,1387,2056,1803,1461,1021,589.17,837.91
2024-02-24,1385,2072,1793,1474,1026,586.74,833.74
2024-02-25,1379,2088,1775,1463,1027,583.98,830.44
2024-02-26,1400,2079,1765,1466,1028,580.15,829.21
2024-02-27,1404,2098,1774,1458,1025,576.51,832.28
2024-02-28,1417,2084,1777,1454,1019,573.85,830.22
2024-02-29,1414,2114,1799,1443,1023,573.63,828.89
2024-03-01,1405,2132,1803,1443,1017,574.39,828.03
2024-03-02,1408,2136,1806,1437,1010,574.47,833.13
2024-03-03,1404,2106,1786,1437,1019,574.4,836.25
2024-03-04,1423,2083,1776,1446,1027,575.1,834.61
2024-03-05,1435,2101,1792,1455,1033,576.55,830.38
2024-03-06,1434,2073,1780,1460,1039,579.66,832.24
2024-03-07,1443,2064,1795,1464,1039,580.26,833.87
2024-03-08,1451,2082,1804,1467,1036,583.81,834.25
2024-03-09,1471,2089,1813,1455,1033,582.64,838.82
2024-03-10,1472,2101,1816,1453,1024,585.78,834.58
2024-03-11,1462,2104,1839,1466,1025,588.84,831.86
2024-03-12,1471,2125,1857,1477,1018,591.24,833.36
2024-03-13,1487,2148,1862,1487,1014,588.04,832.22
2024-03-14,1481,2127,1880,1478,1010,586.55,834.33
2024-03-15,1470,2102,1898,1483,1019,583.9,833.45
2024-03-16,1470,2091,1878,1477,1024,584.65,834.66
2024-03-17,1470,2117,1881,1483,1019,583.81,835.37
2024-03-18,1454,2133,1884,1472,1022,587.47,836.26
2024-03-19,1442,2137,1883,1467,1012,585.63,833.52
2024-03-20,1432,2128,1905,1459,1012,583.35,831.98
2024-03-21,1433,2101,1919,1463,1021,581.37,832.51
2024-03-22,1454,2118,1924,1454,1025,578.2,831.59
2024-03-23,1452,2119,1938,1447,1030,580.36,827.15
2024-03-24,1438,2093,1953,1461,1037,577.43,831.56
2024-03-25,1450,2110,1933,1449,1042,577.36,834.09
2024-03-26,1436,2104,1947,1461,1036,575.95,829.43
2024-03-27,1447,2098,1964,1446,1045,579.13,832.93
2024-03-28,1449,2124,1983,1440,1047,575.83,830.87
2024-03-29,1465,2132,1964,1444,1046,577.24,832.71
2024-03-30,1448,2153,1951,1440,1039,578.71,837.26
2024-03-31,1445,2176,1962,1436,1048,576.87,834.94
2024-04-01,1571,2341,2104,1563,1123,573.44,837.71
2024-04-02,1557,2336,2120,1576,1130,576.83,841.03
2024-04-03,1577,2366,2131,1578,1126,578.2,837.93
2024-04-04,1557,2394,2129,1572,1129,576.4,834.4
2024-04-05,1541,2407,2115,1569,1139,579.32,838.36
2024-04-06,1535,2436,2137,1558,1140,578.29,841.16
2024-04-07,1548,2450,2117,1561,1130,579.62,836.98
2024-04-08,1552,2457,2111,1570,1123,576.6,832.14
2024-04-09,1565,2444,2134,1582,1122,578.12,836.9
2024-04-10,1558,2423,2121,1594,1116,576.27,837.3
2024-04-11,1571,2394,2139,1604,1106,577.65,832.89
2024-04-12,1589,2419,2147,1591,1116,573.93,832.86
2024-04-13,1569,2445,2141,1602,1121,575.88,831.39
2024-04-14,1563,2467,2118,1588,1116,575.96,836.28
2024-04-15,1576,2439,2122,1585,1119,579.39,832.16
2024-04-16,1585,2463,2141,1599,1114,577.23,835.94
2024-04-17,1584,2460,2130,1605,1117,580.47,831.68
2024-04-18,1579,2433,2115,1602,1110,580.43,832.03
2024-04-19,1575,2449,2113,1614,1105,579.12,834.71
2024-04-20,1566,2433,2133,1623,1113,582.81,831.39
2024-04-21,1548,2425,2118,1614,1104,584.8,835.65
2024-04-22,1535,2438,2121,1600,1102,587.53,838.12
2024-04-23,1535,2449,2118,1605,1097,588.8,835.36
2024-04-24,1523,2416,2106,1621,1100,588.61,831.6
2024-04-25,1515,2394,2117,1608,1110,592.45,829.77
2024-04-26,1518,2376,2116,1609,1119,589.23,826.81
2024-04-27,1526,2370,2129,1594,1115,592.13,826.52
2024-04-28,1519,2394,2148,1604,1119,595.11,823.09
2024-04-29,1535,2420,2145,1592,1123,596.06,825.25
2024-04-30,1544,2444,2134,1603,1114,595.02,825.53
2024-05-01,1567,2468,2132,1617,1117,598.88,826.4
2024-05-02,1564,2492,2145,1610,1113,599.82,822.98
2024-05-03,1579,2504,2138,1625,1118,599.46,822.67
2024-05-04,1601,2473,2150,1623,1109,599.93,824.16
2024-05-05,1616,2463,2143,1615,1113,600.57,825.72
2024-05-06,1624,2433,2118,1604,1105,599.62,827.37
2024-05-07,1644,2447,2094,1617,1105,595.64,828.87
2024-05-08,1660,2453,2095,1602,1101,594.89,826.41
2024-05-09,1671,2476,2080,1606,1101,598.31,821.69
2024-05-10,1685,2484,2058,1590,1099,601.31,819.02
2024-05-11,1697,2479,2059,1593,1104,602.58,823.22
2024-05-12,1708,2462,2069,1579,1099,605.53,824.1
2024-05-13,1697,2431,2076,1576,1097,606.15,820.11
2024-05-14,1701,2444,2060,1565,1104,605.55,822.95
2024-05-15,1704,2413,2039,1570,1099,608.3,821.35
2024-05-16,1709,2423,2019,1578,1100,610.99,820.15
2024-05-17,1722,2438,2024,1592,1093,613.55,816.25
2024-05-18,1727,2436,2024,1592,1103,613.75,820.29
2024-05-19,1747,2440,2010,1578,1105,611.74,821.35
2024-05-20,1758,2442,2001,1578,1101,611.27,819.07
2024-05-21,1754,2466,1994,1563,1101,607.55,815.99
2024-05-22,1744,2462,2001,1562,1107,611.09,820.77
2024-05-23,1748,2485,1984,1565,1100,607.2,816.88
2024-05-24,1766,2484,1965,1573,1111,605.12,812.54
2024-05-25,1748,2463,1944,1585,1105,608.74,809.54
2024-05-26,1754,2453,1941,1572,1097,605.96,810.9
2024-05-27,1742,2458,1940,1580,1094,606.76,809.04
2024-05-28,1759,2443,1925,1570,1102,607.02,812.07
2024-05-29,1774,2428,1917,1555,1092,609.01,814.8
2024-05-30,1762,2408,1917,1566,1083,610.56,812.4
2024-05-31,1763,2421,1921,1561,1086,608.8,810.58
2024-06-01,1887,2574,2064,1676,1166,612.64,812.43
2024-06-02,1888,2596,2062,1669,1170,614.3,812.46
2024-06-03,1869,2623,2071,1684,1179,610.5,812.23
2024-06-04,1860,2593,2051,1699,1188,611.83,815.74
2024-06-05,1876,2618,2040,1697,1198,611.87,819.58
2024-06-06,1895,2590,2041,1708,1197,614.15,822.13
2024-06-07,1897,2579,2053,1715,1206,615.07,818.62
2024-06-08,1888,2581,2054,1721,1212,613,823.16
2024-06-09,1906,2564,2077,1730,1218,613.12,823.36
2024-06-10,1921,2541,2086,1741,1210,612.95,824.44
2024-06-11,1927,2537,2096,1755,1219,613.5,821.94
2024-06-12,1925,2507,2096,1761,1216,610.84,825.26
2024-06-13,1917,2484,2095,1772,1207,610.44,821.34
2024-06-14,1902,2486,2110,1761,1206,607.39,826.19
2024-06-15,1903,2456,2127,1762,1197,607.2,822.23
2024-06-16,1882,2473,2142,1778,1207,607.64,821.52
2024-06-17,1863,2452,2140,1765,1200,609.22,825.36
2024-06-18,1875,2455,2119,1762,1205,609.24,823.28
2024-06-19,1897,2463,2132,1746,1204,611.14,823.69
2024-06-20,1908,2487,2128,1751,1206,612.05,824.1
2024-06-21,1925,2509,2154,1739,1208,609.88,821.89
2024-06-22,1917,2535,2131,1721,1208,611.99,818.82
2024-06-23,1915,2556,2148,1737,1206,615.4,823.44
2024-06-24,1918,2583,2131,1747,1214,615.48,823.47
2024-06-25,1913,2597,2156,1740,1208,612.23,820.96
2024-06-26,1911,2586,2141,1753,1218,614.86,820.6
2024-06-27,1918,2570,2122,1748,1227,611.74,824.7
2024-06-28,1934,2542,2142,1755,1235,615.16,827.42
2024-06-29,1927,2521,2143,1760,1227,617.96,826.4
2024-06-30,1945,2505,2145,1771,1231,618.44,821.72
2024-07-01,1952,2471,2129,1781,1236,622.27,823.57
2024-07-02,1932,2461,2128,1779,1231,625.79,820.36
2024-07-03,1935,2483,2117,1761,1233,621.84,816.68
2024-07-04,1927,2458,2124,1747,1240,621,812.04
2024-07-05,1942,2446,2112,1751,1243,618.42,812.42
2024-07-06,1941,2430,2090,1737,1242,617.71,811.15
2024-07-07,1929,2453,2068,1743,1232,617.88,814.21
2024-07-08,1938,2477,2083,1750,1223,617.46,817.52
2024-07-09,1921,2459,2082,1765,1214,619.35,816.68
2024-07-10,1904,2465,2081,1760,1221,617.98,814.1
2024-07-11,1911,2457,2107,1774,1216,618.38,811.34
2024-07-12,1909,2491,2092,1762,1219,618.76,814.69
2024-07-13,1900,2505,2082,1752,1211,614.79,813.36
2024-07-14,1878,2538,2068,1755,1199,611.14,815.44
2024-07-15,1884,2518,2082,1760,1199,612.03,818.45
2024-07-16,1905,2506,2085,1771,1201,612.17,816.13
2024-07-17,1909,2519,2068,1763,1206,611.17,811.58
2024-07-18,1896,2496,2048,1747,1201,609.15,809.93
2024-07-19,1908,2507,2028,1732,1208,606.8,806.92
2024-07-20,1908,2538,2026,1742,1201,607.37,805.99
2024-07-21,1930,2528,2041,1757,1206,610.32,803.42
2024-07-22,1909,2494,2021,1759,1217,612.11,802.07
2024-07-23,1890,2506,2036,1768,1210,613.77,801.77
2024-07-24,1903,2525,2013,1752,1205,613.98,803.34
2024-07-25,1919,2555,2004,1752,1204,615.88,804.81
2024-07-26,1938,2537,1991,1761,1200,613.21,800.36
2024-07-27,1918,2513,1978,1745,1203,614.2,803.3
2024-07-28,1927,2498,1997,1758,1213,616.36,807.11
2024-07-29,1939,2496,2004,1747,1211,612.93,805.35
2024-07-30,1934,2528,2007,1742,1202,610.21,803.67
2024-07-31,1914,2534,2032,1746,1211,606.94,804.69
2024-08-01,1922,2538,2043,1733,1202,608.5,801.59
2024-08-02,1915,2538,2020,1732,1202,605.16,800.28
2024-08-03,1934,2509,2003,1720,1213,608.5,798.99
2024-08-04,1933,2527,1998,1716,1212,607.2,794.51
2024-08-05,1935,2557,2006,1713,1204,604.5,795.19
2024-08-06,1914,2582,2032,1713,1213,607.26,793.92
2024-08-07,1907,2591,2031,1715,1209,609.64,797.53
2024-08-08,1910,2556,2018,1714,1200,609.16,802.2
2024-08-09,1930,2578,1997,1716,1201,605.75,806.39
2024-08-10,1907,2593,2007,1727,1210,603.97,811.08
2024-08-11,1899,2570,1992,1713,1210,605.42,810.02
2024-08-12,1900,2592,1980,1709,1216,601.77,812.68
2024-08-13,1895,2559,1991,1693,1218,604.58,813.1
2024-08-14,1913,2545,1970,1689,1216,604.27,811.22
2024-08-15,1911,2514,1965,1679,1219,604.31,811.61
2024-08-16,1914,2493,1992,1692,1218,602.93,808.52
2024-08-17,1894,2503,2004,1703,1224,600.2,810.88
2024-08-18,1893,2533,2026,1693,1221,600.94,807.82
2024-08-19,1902,2545,2003,1701,1229,598.88,807.4
2024-08-20,1899,2512,2024,1704,1226,598.05,807.61
2024-08-21,1919,2504,2004,1719,1232,596.8,806.16
2024-08-22,1907,2512,2000,1721,1226,598.29,806.02
2024-08-23,1894,2523,1999,1732,1222,598.57,806.93
2024-08-24,1886,2497,2019,1735,1212,599.22,812.09
2024-08-25,1906,2465,2045,1732,1221,599.11,811.98
2024-08-26,1902,2490,2033,1728,1229,597.83,814.21
2024-08-27,1911,2508,2036,1739,1234,595.38,815.59
2024-08-28,1927,2515,2043,1751,1239,593.14,813.51
2024-08-29,1920,2533,2068,1753,1234,593.48,815.07
2024-08-30,1942,2501,2081,1743,1232,590.64,818.65
2024-08-31,1921,2478,2062,1759,1233,589.28,816.21
2024-09-01,1927,2469,2047,1745,1243,590.87,811.66
2024-09-02,1912,2480,2042,1760,1235,591.01,807.71
2024-09-03,1903,2511,2045,1742,1233,593.81,811.51
2024-09-04,1881,2509,2032,1737,1238,595.62,812.3
2024-09-05,1902,2487,2045,1736,1248,592.63,811.65
2024-09-06,1908,2461,2021,1720,1258,591.29,807.3
2024-09-07,1926,2485,2004,1723,1266,589.46,808.9
2024-09-08,1936,2507,2015,1710,1259,593.13,813.09
2024-09-09,1947,2533,2017,1702,1270,593.62,808.53
2024-09-10,1949,2541,1993,1704,1275,590.11,804.36
2024-09-11,1957,2515,1986,1717,1269,588.12,807.36
2024-09-12,1935,2515,1968,1715,1259,590.28,811.69
2024-09-13,1915,2540,1989,1712,1261,591.96,810.22
2024-09-14,1926,2560,1990,1719,1251,590.46,811.82
2024-09-15,1929,2558,2000,1732,1252,592.29,814.57
2024-09-16,1907,2565,1995,1733,1250,596.08,816.34
2024-09-17,1884,2541,1985,1730,1242,592.88,815.68
2024-09-18,1881,2550,1974,1717,1250,590.53,814.8
2024-09-19,1875,2517,1953,1703,1242,587.13,818.25
2024-09-20,1869,2546,1978,1712,1235,586.16,813.81
2024-09-21,1856,2557,1964,1727,1235,582.8,815.84
2024-09-22,1837,2559,1954,1715,1228,586.5,818.51
2024-09-23,1844,2562,1966,1724,1217,584.24,814.69
2024-09-24,1827,2585,1959,1732,1220,586.26,819.61
2024-09-25,1840,2607,1964,1720,1222,588.1,821.07
2024-09-26,1833,2620,1956,1712,1219,589.62,819.54
2024-09-27,1824,2624,1977,1710,1208,587.53,819.3
2024-09-28,1844,2595,1997,1717,1198,590.59,817.75
2024-09-29,1848,2616,1987,1712,1202,591.85,813.63
2024-09-30,1827,2647,1964,1728,1205,594.67,818.56
2024-10-01,1597,2301,1709,1507,1042,595.03,817.81
2024-10-02,1592,2325,1710,1499,1042,597.1,819.28
2024-10-03,1581,2340,1730,1485,1043,600.07,821.72
2024-10-04,1576,2316,1740,1490,1052,597.85,817.96
2024-10-05,1566,2325,1754,1489,1043,595.5,814.71
2024-10-06,1563,2339,1754,1483,1050,595.31,813.21
2024-10-07,1574,2319,1748,1469,1056,597.9,816.55
2024-10-08,1585,2318,1763,1478,1053,600.12,820.5
2024-10-09,1593,2324,1755,1486,1051,602.71,824.17
2024-10-10,1589,2351,1778,1475,1049,605.91,828.87
2024-10-11,1586,2329,1795,1484,1058,605.08,830.69
2024-10-12,1576,2354,1818,1484,1053,606.52,835.48
2024-10-13,1567,2381,1797,1498,1045,605.6,836.81
2024-10-14,1574,2393,1813,1506,1049,602.08,834.81
2024-10-15,1567,2366,1817,1502,1040,602.61,833.54
2024-10-16,1580,2388,1829,1487,1046,606.04,830.41
2024-10-17,1582,2375,1846,1501,1052,607.76,829.19
2024-10-18,1587,2349,1829,1504,1060,606.24,825.62
2024-10-19,1587,2333,1841,1514,1058,603.64,823.46
2024-10-20,1571,2342,1850,1528,1057,603.64,819.8
2024-10-21,1579,2321,1860,1530,1048,604.49,819.3
2024-10-22,1586,2298,1867,1519,1047,603.47,823.93
2024-10-23,1567,2271,1859,1512,1051,602.5,825.76
2024-10-24,1567,2297,1855,1510,1045,603.17,829.13
2024-10-25,1583,2286,1841,1519,1038,602.95,824.75
2024-10-26,1580,2298,1836,1529,1047,602.55,826.35
2024-10-27,1583,2277,1834,1516,1046,602.24,830.23
2024-10-28,1582,2282,1814,1504,1038,604.65,827.2
2024-10-29,1585,2279,1815,1495,1045,600.78,828.88
2024-10-30,1570,2264,1816,1494,1044,599.71,833.55
2024-10-31,1562,2264,1817,1504,1048,599.74,835.75
2024-11-01,1566,2279,1807,1508,1044,600.96,840.01
2024-11-02,1564,2255,1808,1511,1037,597.48,844.66
2024-11-03,1565,2253,1825,1523,1030,600.43,842.28
2024-11-04,1564,2232,1815,1534,1031,601.97,847.03
2024-11-05,1556,2223,1822,1528,1021,605.56,844.42
2024-11-06,1555,2193,1841,1525,1021,603.66,847.81
2024-11-07,1543,2171,1824,1536,1028,604.89,846.7
2024-11-08,1536,2157,1834,1521,1026,603.95,846.68
2024-11-09,1541,2157,1839,1516,1027,600.18,850.92
2024-11-10,1553,2139,1822,1525,1032,601.57,848.24
2024-11-11,1565,2163,1825,1523,1036,600.27,843.98
2024-11-12,1553,2178,1819,1518,1041,596.66,844.93
2024-11-13,1564,2158,1807,1507,1046,598.06,845.78
2024-11-14,1569,2164,1824,1498,1052,596.3,850.73
2024-11-15,1565,2137,1845,1509,1043,596.78,847.57
2024-11-16,1547,2130,1846,1499,1039,596.74,848.07
2024-11-17,1556,2147,1834,1509,1036,600.48,850.23
2024-11-18,1542,2162,1815,1505,1032,602,851.37
2024-11-19,1552,2137,1810,1516,1029,600.14,850.58
2024-11-20,1547,2144,1813,1510,1024,596.39,846.74
2024-11-21,1532,2170,1807,1499,1027,596.35,844.61
2024-11-22,1518,2144,1791,1496,1019,592.51,844.35
2024-11-23,1503,2145,1773,1494,1014,589.82,843.67
2024-11-24,1523,2119,1780,1489,1013,592.66,841.1
2024-11-25,1508,2121,1792,1497,1007,593.51,839.93
2024-11-26,1495,2120,1790,1511,1012,596.3,842.43
2024-11-27,1500,2143,1785,1500,1003,598.55,841.94
2024-11-28,1504,2129,1781,1510,1001,597.19,843.1
2024-11-29,1495,2151,1795,1499,999,599.3,838.16
2024-11-30,1502,2160,1815,1496,1002,600.55,839.84
2024-12-01,1483,2177,1802,1508,1004,601.72,842.15
2024-12-02,1490,2162,1804,1497,1002,597.9,845.74
2024-12-03,1498,2165,1824,1484,1000,596.27,842.12
2024-12-04,1512,2187,1818,1483,1001,598.42,841.05
2024-12-05,1523,2174,1800,1479,1001,598.32,843.96
2024-12-06,1531,2192,1813,1471,1004,596.34,845.49
2024-12-07,1512,2213,1802,1462,995,599.64,841.55
2024-12-08,1496,2231,1798,1465,996,603.59,838.26
2024-12-09,1514,2229,1785,1460,1006,606.97,842.3
2024-12-10,1517,2224,1796,1475,999,608.67,843.55
2024-12-11,1503,2205,1797,1479,1007,607.92,840.57
2024-12-12,1505,2189,1785,1476,1009,603.91,836.38
2024-12-13,1488,2173,1765,1477,1011,605.68,839.07
2024-12-14,1481,2156,1773,1490,1015,603.92,838.34
2024-12-15,1482,2184,1767,1483,1015,607.07,841.67
2024-12-16,1503,2186,1781,1497,1010,605.22,841.04
2024-12-17,1507,2162,1768,1501,1005,602.31,839.26
2024-12-18,1491,2184,1761,1500,996,598.39,839.42
2024-12-19,1488,2177,1747,1506,1002,598.8,835.16
2024-12-20,1482,2163,1728,1498,998,597.19,839.43
2024-12-21,1468,2185,1743,1489,994,600.59,835.41
2024-12-22,1465,2161,1739,1496,1003,600.36,834.25
2024-12-23,1450,2163,1747,1504,1009,603.74,837.68
2024-12-24,1464,2183,1736,1511,1009,604.06,837.28
2024-12-25,1482,2198,1735,1522,1012,600.83,838.25
2024-12-26,1491,2175,1728,1532,1016,604.08,837.45
2024-12-27,1498,2160,1711,1525,1010,602.22,835.5
2024-12-28,1503,2145,1706,1523,1017,605.3,833.01
2024-12-29,1514,2124,1720,1510,1009,602.18,832.58
2024-12-30,1535,2133,1742,1503,1015,598.25,828.34
2024-12-31,1517,2154,1739,1505,1012,600.95,832.34
2025-01-01,1500,2132,1728,1490,1009,604.71,831.86
2025-01-02,1507,2156,1712,1492,1019,606.55,835.75
2025-01-03,1499,2136,1736,1499,1022,609.43,831.42
2025-01-04,1508,2146,1730,1493,1019,608.62,834.06
2025-01-05,1495,2125,1749,1487,1011,611.89,834.31
2025-01-06,1487,2140,1753,1497,1006,610.93,831.06
2025-01-07,1486,2139,1739,1487,1004,610.95,836.03
2025-01-08,1493,2147,1729,1481,1003,611.08,839.05
2025-01-09,1510,2167,1747,1467,1000,607.81,834.61
2025-01-10,1528,2195,1732,1453,993,604.93,831.58
2025-01-11,1515,2206,1729,1452,987,606.12,832.61
2025-01-12,1527,2220,1733,1440,996,607.35,832.07
2025-01-13,1526,2221,1740,1452,993,603.99,832.61
2025-01-14,1525,2244,1748,1458,986,605.86,827.89
2025-01-15,1537,2220,1757,1466,995,607.11,829.54
2025-01-16,1527,2213,1753,1468,987,604.35,828.18
2025-01-17,1517,2210,1775,1469,989,608.1,832.72
2025-01-18,1529,2235,1773,1469,985,611.61,830.15
2025-01-19,1518,2213,1772,1468,988,610.95,827.66
2025-01-20,1505,2223,1770,1482,987,613.6,827.6
2025-01-21,1508,2238,1761,1491,978,612.32,824.38
2025-01-22,1508,2227,1761,1478,974,610.38,821.38
2025-01-23,1505,2212,1777,1466,977,612.68,826.46
2025-01-24,1496,2200,1759,1465,973,609.82,828.3
2025-01-25,1505,2192,1741,1462,974,612.27,832.43
2025-01-26,1499,2179,1756,1476,970,614.07,833.83
2025-01-27,1485,2163,1769,1464,965,614.48,832.97
2025-01-28,1501,2169,1765,1472,959,615.74,829.5
2025-01-29,1499,2178,1783,1464,951,614.61,832.04
2025-01-30,1504,2163,1767,1461,948,611.89,833.4
2025-01-31,1513,2176,1746,1453,955,612.28,831.59
2025-02-01,1517,2179,1729,1464,964,614.77,829.35
2025-02-02,1523,2201,1728,1468,960,611.48,831.79
2025-02-03,1522,2178,1739,1460,960,610.06,836.76
2025-02-04,1530,2195,1759,1446,951,612.95,839.82
2025-02-05,1543,2202,1758,1447,957,616.79,844.54
2025-02-06,1559,2175,1767,1450,961,617.88,847.45
2025-02-07,1543,2190,1747,1444,961,618.8,847.13
2025-02-08,1537,2217,1731,1452,965,622.09,846.68
2025-02-09,1541,2205,1745,1439,974,620.12,846.21
2025-02-10,1548,2227,1745,1440,981,618.73,845.97
2025-02-11,1566,2219,1744,1434,977,615.11,849.62
2025-02-12,1558,2245,1768,1445,980,616.06,854.33
2025-02-13,1567,2223,1769,1446,986,617.86,853.95
2025-02-14,1565,2198,1761,1461,994,618.46,854.89
2025-02-15,1574,2202,1782,1454,994,616.24,856.77
2025-02-16,1572,2201,1774,1442,1003,613.76,857.49
2025-02-17,1560,2183,1788,1441,1008,612.26,861.71
2025-02-18,1545,2153,1767,1446,1011,608.72,862.64
2025-02-19,1531,2164,1747,1438,1015,609.54,863.71
2025-02-20,1536,2135,1727,1440,1018,609.33,866.9
2025-02-21,1535,2109,1710,1453,1016,612.55,865.83
2025-02-22,1522,2127,1716,1456,1024,614.43,862.74
2025-02-23,1535,2117,1736,1450,1025,617.86,867.51
2025-02-24,1520,2145,1727,1464,1023,619.07,871
2025-02-25,1514,2134,1750,1477,1031,617.09,875.36
2025-02-26,1516,2111,1748,1467,1031,618.89,876.87
2025-02-27,1504,2084,1733,1467,1039,617.95,877.88
2025-02-28,1512,2091,1739,1459,1032,619.12,875.01
2025-03-01,1517,2087,1725,1459,1037,617.56,870.06
2025-03-02,1524,2078,1743,1448,1033,614.87,868.79
2025-03-03,1533,2052,1740,1447,1033,617.26,873.62
2025-03-04,1541,2031,1760,1454,1035,616.72,872.7
2025-03-05,1545,2003,1758,1464,1042,612.88,874.3
2025-03-06,1551,2009,1739,1451,1044,611.11,870.44
2025-03-07,1551,1983,1746,1450,1042,612.22,875.25
2025-03-08,1557,2000,1760,1438,1035,613.31,872.22
2025-03-09,1564,1976,1775,1426,1032,617,876.33
2025-03-10,1548,1969,1773,1426,1027,615.81,878.33
2025-03-11,1537,1946,1794,1430,1030,614.14,881.23
2025-03-12,1543,1958,1779,1442,1024,611.04,878.63
2025-03-13,1563,1970,1775,1430,1024,609.48,876
2025-03-14,1545,2001,1771,1422,1032,610.94,874.8
2025-03-15,1549,2015,1785,1434,1035,614.2,873.53
2025-03-16,1545,1989,1792,1437,1038,612.98,875.09
2025-03-17,1542,2005,1779,1438,1042,610.75,874.39
2025-03-18,1543,2028,1762,1438,1046,610.24,877.74
2025-03-19,1544,2015,1756,1431,1038,608.33,878
2025-03-20,1541,2004,1754,1425,1038,608.03,879.13
2025-03-21,1531,2021,1736,1436,1030,609.71,874.5
2025-03-22,1523,2005,1722,1426,1036,613.47,870.61
2025-03-23,1525,2007,1714,1418,1036,610.8,869.25
2025-03-24,1532,2020,1709,1404,1027,609.24,866.96
2025-03-25,1538,1999,1733,1414,1034,611.3,863.51
2025-03-26,1557,1977,1755,1416,1034,614.84,864.07
2025-03-27,1577,1964,1746,1422,1024,613.52,868.93
2025-03-28,1587,1970,1766,1425,1027,613.36,870.38
2025-03-29,1593,1943,1758,1431,1026,610,874.31
2025-03-30,1602,1921,1755,1425,1026,610.86,870.92
2025-03-31,1615,1950,1750,1424,1033,607.08,869.45
2025-04-01,1732,2135,1910,1531,1106,604.77,866.16
2025-04-02,1750,2128,1902,1534,1107,604.27,864.54
2025-04-03,1728,2131,1879,1521,1097,607.84,863.4
2025-04-04,1727,2149,1893,1525,1102,611.4,862.88
2025-04-05,1728,2165,1902,1531,1103,610.14,864.54
2025-04-06,1736,2194,1891,1521,1111,612.1,867.38
2025-04-07,1721,2196,1878,1532,1121,612.8,862.63
2025-04-08,1714,2218,1856,1532,1123,609.24,865.14
2025-04-09,1700,2219,1839,1541,1116,608.95,863.9
2025-04-10,1684,2202,1821,1553,1120,605.46,859.25
2025-04-11,1675,2206,1838,1548,1118,606.45,863.49
2025-04-12,1657,2205,1840,1543,1121,605.06,865.23
2025-04-13,1665,2198,1836,1544,1123,603.13,860.46
2025-04-14,1647,2170,1815,1546,1121,605.88,856.62
2025-04-15,1642,2147,1810,1539,1130,603.43,854.78
2025-04-16,1641,2119,1805,1551,1140,601.33,856.22
2025-04-17,1642,2093,1795,1563,1141,598.09,851.33
2025-04-18,1654,2100,1790,1564,1146,596.43,854.28
2025-04-19,1675,2099,1788,1564,1144,595.55,853.65
2025-04-20,1677,2126,1780,1559,1147,598.74,849.31
2025-04-21,1663,2138,1791,1552,1138,602.36,849.2
2025-04-22,1648,2125,1809,1565,1134,598.61,847.27
2025-04-23,1654,2110,1827,1575,1128,596.44,850.66
2025-04-24,1653,2123,1841,1573,1131,597.95,848.24
2025-04-25,1641,2119,1827,1582,1121,600.79,853.18
2025-04-26,1653,2091,1832,1597,1121,602.27,849.34
2025-04-27,1649,2095,1835,1607,1127,601.75,844.59
2025-04-28,1649,2071,1834,1595,1137,605.16,845.3
2025-04-29,1659,2058,1820,1609,1142,606.37,840.39
2025-04-30,1643,2049,1846,1596,1136,608.82,842.55
2025-05-01,1622,2020,1863,1588,1133,612.1,842.38
2025-05-02,1626,2049,1843,1580,1140,609.72,844.97
2025-05-03,1621,2040,1827,1564,1140,611.98,848.53
2025-05-04,1636,2029,1814,1562,1131,609.93,844.71
2025-05-05,1650,2058,1809,1566,1124,610.47,845.6
2025-05-06,1650,2090,1803,1567,1123,613.77,844.03
2025-05-07,1656,2095,1823,1571,1130,613.76,848.38
2025-05-08,1648,2089,1808,1567,1134,616.23,850.76
2025-05-09,1644,2101,1794,1572,1140,614.42,849.86
2025-05-10,1638,2127,1803,1560,1136,611.88,850.16
2025-05-11,1648,2118,1793,1561,1143,608.15,851.99
2025-05-12,1657,2120,1797,1550,1133,608.84,847.83
2025-05-13,1643,2090,1809,1538,1143,610.04,844.34
2025-05-14,1660,2119,1802,1551,1147,612.9,844.65
2025-05-15,1655,2122,1797,1561,1145,611.19,844.35
2025-05-16,1646,2152,1819,1556,1155,613.12,845.63
2025-05-17,1665,2127,1803,1557,1161,612.51,843.03
2025-05-18,1673,2126,1829,1565,1160,613.94,841.87
2025-05-19,1665,2121,1837,1556,1149,611.71,842.76
2025-05-20,1685,2112,1838,1549,1159,613.68,847.47
2025-05-21,1691,2137,1844,1534,1169,612.46,842.53
2025-05-22,1686,2148,1837,1543,1162,616.02,846.63
2025-05-23,1702,2135,1829,1540,1170,612.64,847.47
2025-05-24,1722,2108,1850,1545,1159,612.43,844.45
2025-05-25,1737,2131,1851,1539,1162,612.79,849.11
2025-05-26,1751,2106,1850,1550,1155,610.75,846.23
2025-05-27,1746,2110,1831,1537,1153,613,843.58
2025-05-28,1758,2136,1812,1540,1164,614.81,842.63
2025-05-29,1778,2124,1826,1542,1162,614.99,838.67
2025-05-30,1779,2107,1827,1554,1168,617.04,843.49
2025-05-31,1780,2086,1813,1565,1174,614.32,840.42
2025-06-01,1886,2200,1939,1659,1253,617.95,837.65
2025-06-02,1907,2207,1921,1661,1251,618.15,837.58
2025-06-03,1910,2186,1948,1671,1239,614.98,836.59
2025-06-04,1929,2217,1970,1654,1246,613.99,838.99
2025-06-05,1932,2238,1974,1644,1244,611.57,841.76
2025-06-06,1951,2220,1977,1661,1245,612.95,841.7
2025-06-07,1972,2238,1953,1658,1245,614.38,843.83
2025-06-08,1956,2267,1963,1642,1252,610.4,844.69
2025-06-09,1967,2247,1973,1658,1248,609.9,848.23
2025-06-10,1953,2278,1992,1658,1247,612.78,843.96
2025-06-11,1953,2294,2008,1653,1250,614.52,848.32
2025-06-12,1966,2307,2027,1654,1252,616.03,848.92
2025-06-13,1961,2337,2019,1665,1253,615.14,845.87
2025-06-14,1972,2345,2019,1653,1242,615.34,849.18
2025-06-15,1976,2372,2027,1648,1239,614.81,844.84
2025-06-16,1994,2401,2004,1643,1236,616.88,840.16
2025-06-17,1978,2430,1980,1628,1230,617.44,843.15
2025-06-18,1981,2409,1994,1628,1232,619.39,839.97
2025-06-19,1960,2418,2004,1630,1229,620.98,836.87
2025-06-20,1937,2386,2008,1638,1229,617.38,832.97
2025-06-21,1917,2359,2014,1630,1231,619.03,829.34
2025-06-22,1905,2377,1994,1619,1239,621.96,832.36
2025-06-23,1922,2356,2003,1608,1228,618.95,829.87
2025-06-24,1930,2372,2003,1603,1230,618.05,832.68
2025-06-25,1910,2340,2024,1600,1232,621.05,828.09
2025-06-26,1906,2330,2038,1618,1238,620.19,825.74
2025-06-27,1928,2316,2014,1604,1239,622.01,821.49
2025-06-28,1916,2307,2016,1597,1228,623.31,821.25
2025-06-29,1934,2277,2031,1585,1229,621.91,818.43
2025-06-30,1915,2275,2011,1589,1225,624.23,817.43
2025-07-01,1918,2269,1990,1588,1231,626.59,813.14
2025-07-02,1930,2305,1973,1594,1241,627.46,816.05
2025-07-03,1937,2298,1964,1581,1245,624.89,818.97
2025-07-04,1923,2311,1960,1573,1242,623.25,820.87
2025-07-05,1934,2345,1961,1578,1247,623.84,819.99
2025-07-06,1951,2326,1971,1563,1251,624.64,818.18
2025-07-07,1927,2349,1976,1568,1244,621.8,819.16
2025-07-08,1921,2357,1979,1572,1232,622.47,814.41
2025-07-09,1939,2390,1958,1582,1242,625.68,811.47
2025-07-10,1952,2359,1973,1577,1243,624.68,810.53
2025-07-11,1973,2355,1951,1577,1242,627.84,809.92
2025-07-12,1952,2324,1951,1581,1234,624.27,805.49
2025-07-13,1929,2331,1955,1589,1231,624.04,804.87
2025-07-14,1949,2330,1934,1603,1236,620.72,804.65
2025-07-15,1934,2350,1942,1608,1245,619.1,806.67
2025-07-16,1940,2327,1943,1622,1255,620.94,811.59
2025-07-17,1926,2295,1939,1618,1265,622.95,807.06
2025-07-18,1918,2274,1958,1634,1254,620.14,808.51
2025-07-19,1930,2254,1959,1648,1261,621.51,805.75
2025-07-20,1915,2279,1973,1662,1271,617.78,806.39
2025-07-21,1916,2295,1980,1663,1269,615.96,811
2025-07-22,1912,2275,1970,1671,1278,619.2,812.31
2025-07-23,1912,2243,1948,1684,1269,616.22,816.43
2025-07-24,1905,2247,1951,1690,1268,613.58,815.5
2025-07-25,1900,2269,1972,1691,1270,613.39,819.36
2025-07-26,1914,2243,1971,1691,1265,611.59,817.43
2025-07-27,1925,2277,1969,1684,1258,608.21,819.08
2025-07-28,1923,2290,1971,1677,1254,608.64,820.57
2025-07-29,1911,2275,1996,1683,1257,605.2,818.32
2025-07-30,1927,2294,1977,1680,1254,608.66,814.73
2025-07-31,1932,2263,1966,1682,1263,605.41,812.95
2025-08-01,1945,2254,1966,1680,1257,602.15,812.09
2025-08-02,1963,2274,1994,1686,1245,599.43,813.18
2025-08-03,1940,2307,1973,1685,1234,596.47,808.8
2025-08-04,1951,2288,1963,1676,1225,595.96,807.75
2025-08-05,1935,2303,1952,1687,1217,592.99,805.55
2025-08-06,1926,2294,1959,1675,1224,592.98,804.08
2025-08-07,1927,2328,1956,1690,1234,589.99,802.85
2025-08-08,1906,2361,1947,1697,1238,593.12,804.47
2025-08-09,1907,2391,1964,1710,1233,595.74,806.84
2025-08-10,1921,2385,1986,1699,1236,594.49,803.23
2025-08-11,1911,2368,1973,1682,1243,595.9,802.08
2025-08-12,1903,2393,1990,1669,1245,594.67,802.26
2025-08-13,1880,2399,1969,1680,1251,597.41,803.76
2025-08-14,1877,2425,1985,1695,1254,594.93,800.29
2025-08-15,1890,2418,1991,1687,1252,593.4,799.12
2025-08-16,1871,2429,2013,1694,1260,595.31,800.67
2025-08-17,1877,2463,1999,1681,1263,594.63,801.96
2025-08-18,1858,2486,2006,1689,1258,592.86,803.22
2025-08-19,1839,2479,2000,1683,1253,590.36,802.48
2025-08-20,1855,2459,1979,1691,1246,589.73,798.37
2025-08-21,1875,2477,1956,1678,1246,591.09,803.54
2025-08-22,1888,2508,1947,1671,1255,594,806.13
2025-08-23,1902,2494,1959,1659,1254,594.18,808.07
2025-08-24,1912,2500,1949,1657,1260,592.35,805.99
2025-08-25,1913,2496,1961,1657,1260,595.7,809.82
2025-08-26,1909,2521,1946,1669,1260,591.79,813.57
2025-08-27,1899,2500,1925,1653,1265,594.08,809.48
2025-08-28,1905,2497,1938,1663,1256,595.33,809.26
2025-08-29,1919,2522,1919,1677,1251,597.16,811.02
2025-08-30,1905,2489,1932,1672,1245,598.6,813.49
2025-08-31,1892,2485,1941,1665,1235,599.24,814.54
2025-09-01,1881,2462,1964,1662,1241,602.77,811.57
2025-09-02,1889,2432,1971,1658,1250,604.07,811.42
2025-09-03,1876,2444,1990,1659,1255,604.07,810.33
2025-09-04,1889,2458,1988,1671,1255,604.18,805.99
2025-09-05,1874,2488,2000,1657,1254,601.6,803.41
2025-09-06,1880,2492,2022,1659,1249,600.09,804.58
2025-09-07,1874,2517,2013,1675,1253,603.81,809.29
2025-09-08,1874,2506,2025,1658,1254,600.85,811.85
2025-09-09,1871,2480,2008,1669,1253,599.13,813.87
2025-09-10,1881,2470,2033,1680,1258,599.48,813.36
2025-09-11,1865,2504,2041,1692,1262,599.54,809.54
2025-09-12,1856,2517,2026,1708,1268,599.16,809.11
2025-09-13,1858,2487,2026,1703,1270,595.67,806.28
2025-09-14,1877,2466,2051,1719,1276,595.51,805.12
2025-09-15,1860,2485,2027,1710,1278,597.03,809.13
2025-09-16,1879,2475,2005,1700,1283,596.08,813.97
2025-09-17,1894,2499,2006,1711,1276,592.17,811.49
2025-09-18,1876,2487,1983,1706,1273,589.59,814.86
2025-09-19,1893,2476,1960,1720,1271,588,811.03
2025-09-20,1901,2479,1938,1717,1267,589.05,808.69
2025-09-21,1893,2487,1944,1703,1258,591.06,806.17
2025-09-22,1897,2500,1945,1712,1268,587.18,810.48
2025-09-23,1875,2491,1962,1724,1276,590.44,807.93
2025-09-24,1887,2477,1965,1739,1270,590.13,811.23
2025-09-25,1906,2445,1957,1732,1274,588.83,814.66
2025-09-26,1922,2458,1934,1730,1280,588.02,811.45
2025-09-27,1932,2459,1949,1715,1278,591.5,814.75
2025-09-28,1948,2458,1947,1713,1288,592.44,819.23
2025-09-29,1944,2426,1943,1698,1285,589.1,814.72
2025-09-30,1955,2438,1955,1688,1280,587.41,819.3
2025-10-01,1680,2139,1692,1477,1113,585.89,821.86
2025-10-02,1675,2120,1694,1471,1113,584.38,823.43
2025-10-03,1683,2102,1694,1474,1115,580.55,819.08
2025-10-04,1696,2122,1696,1487,1116,579.81,820.14
2025-10-05,1713,2148,1685,1479,1119,576.42,817.63
2025-10-06,1695,2175,1672,1491,1110,580.04,818.62
2025-10-07,1711,2198,1687,1486,1110,582.75,814.45
2025-10-08,1726,2189,1701,1492,1109,586.57,814.41
2025-10-09,1733,2176,1708,1506,1106,589.59,815.64
2025-10-10,1732,2201,1732,1500,1113,592.54,812.54
2025-10-11,1742,2188,1755,1507,1116,590.01,814.91
2025-10-12,1722,2164,1759,1502,1114,591.1,812.99
2025-10-13,1729,2142,1739,1501,1109,592.05,816.19
2025-10-14,1730,2143,1754,1514,1103,595.37,817.01
2025-10-15,1744,2118,1744,1510,1104,598.86,812.6
2025-10-16,1732,2105,1741,1496,1102,598.84,814.44
2025-10-17,1741,2077,1765,1484,1106,601.83,810.74
2025-10-18,1739,2070,1787,1490,1109,601.88,814.19
2025-10-19,1755,2042,1795,1486,1104,604.02,811.16
2025-10-20,1741,2070,1789,1480,1112,602.41,809.19
2025-10-21,1724,2099,1781,1494,1109,599.79,813.28
2025-10-22,1741,2090,1772,1494,1110,601.18,813.3
2025-10-23,1723,2108,1784,1480,1101,597.4,816.22
2025-10-24,1705,2136,1785,1492,1103,596.7,815.9
2025-10-25,1724,2117,1809,1490,1096,600.48,815.13
2025-10-26,1727,2103,1796,1478,1086,597.36,816.22
2025-10-27,1714,2099,1801,1473,1086,598,819.81
2025-10-28,1714,2125,1823,1481,1079,595.83,817.2
2025-10-29,1710,2096,1841,1481,1083,594.66,820.77
2025-10-30,1726,2109,1842,1490,1082,595.85,817.69
2025-10-31,1726,2100,1851,1495,1072,599.48,821.65
2025-11-01,1718,2084,1831,1482,1063,600.01,817.26
2025-11-02,1714,2060,1841,1495,1058,599.89,816.4
2025-11-03,1694,2040,1835,1507,1052,603.24,814.6
2025-11-04,1677,2045,1830,1506,1054,599.97,818.91
2025-11-05,1685,2040,1826,1502,1057,600.91,819.57
2025-11-06,1693,2032,1810,1501,1065,602.38,823.68
2025-11-07,1691,2004,1792,1492,1056,605.51,828.44
2025-11-08,1705,1998,1785,1481,1055,602.46,825.95
2025-11-09,1700,1970,1781,1483,1057,604.17,828.35
2025-11-10,1693,1968,1787,1482,1047,600.22,829.72
2025-11-11,1678,1990,1807,1482,1050,603.64,828.01
2025-11-12,1664,1991,1796,1491,1047,600.04,828.24
2025-11-13,1651,1986,1803,1484,1043,603.81,830.01
2025-11-14,1661,1988,1825,1485,1047,600.76,826.01
2025-11-15,1645,2007,1843,1471,1045,597.35,825.01
2025-11-16,1641,1985,1831,1475,1052,596.59,824.73
2025-11-17,1622,1994,1816,1481,1049,597.07,821.84
2025-11-18,1633,2012,1839,1474,1058,599.43,823.16
2025-11-19,1644,2032,1820,1465,1067,598.73,824.61
2025-11-20,1632,2027,1834,1464,1059,600.33,820.85
2025-11-21,1651,2022,1838,1458,1069,598.7,820.21
2025-11-22,1639,2046,1824,1472,1067,601.5,822.84
2025-11-23,1637,2023,1823,1480,1059,599.22,827.62
2025-11-24,1637,2046,1842,1472,1053,597.63,825.19
2025-11-25,1644,2045,1826,1473,1043,599.87,823.53
2025-11-26,1644,2065,1848,1479,1050,599.91,824.86
2025-11-27,1657,2060,1853,1474,1049,597.19,820.33
2025-11-28,1642,2041,1871,1476,1044,599.42,820.28
2025-11-29,1655,2032,1890,1470,1043,597.02,821.12
2025-11-30,1658,2033,1877,1457,1044,593.33,825.07
2025-12-01,1664,2056,1880,1457,1045,591.48,821.87
2025-12-02,1674,2051,1892,1453,1048,594.49,823.35
2025-12-03,1670,2046,1878,1464,1046,595.62,824.79
2025-12-04,1651,2063,1866,1461,1041,593.91,820.31
2025-12-05,1640,2093,1850,1447,1038,594.9,816.68
2025-12-06,1635,2099,1854,1451,1038,597.23,821.27
2025-12-07,1643,2100,1871,1464,1036,593.29,826.4
2025-12-08,1648,2083,1889,1466,1036,592.52,829.3
2025-12-09,1643,2112,1873,1461,1040,592.87,830.15
2025-12-10,1623,2116,1893,1467,1046,589.67,828.71
2025-12-11,1609,2092,1875,1461,1042,589.4,826.39
2025-12-12,1604,2108,1868,1458,1041,589.26,830.09
2025-12-13,1605,2102,1863,1452,1036,588.14,829.16
2025-12-14,1605,2090,1844,1450,1043,589.39,825.84
2025-12-15,1606,2098,1835,1451,1043,587.91,821.29
2025-12-16,1624,2112,1837,1453,1052,587.27,822.48
2025-12-17,1643,2092,1822,1443,1044,589.39,825.09
2025-12-18,1653,2089,1812,1442,1035,591.24,820.83
2025-12-19,1669,2111,1797,1451,1039,590.1,824.53
2025-12-20,1676,2106,1800,1453,1045,587.87,827.55
2025-12-21,1688,2105,1798,1459,1044,584.42,826.33
2025-12-22,1696,2135,1790,1463,1045,584.37,828.5
2025-12-23,1689,2121,1801,1453,1050,587.65,829.21
2025-12-24,1693,2121,1784,1468,1044,584.05,825.56
2025-12-25,1698,2148,1771,1482,1050,586.87,826.64
2025-12-26,1707,2125,1767,1484,1043,588.51,821.99
2025-12-27,1695,2109,1786,1492,1034,590.07,825.78
2025-12-28,1677,2133,1788,1502,1039,590.38,823.09
2025-12-29,1680,2138,1811,1492,1042,590.84,828.16
2025-12-30,1669,2123,1800,1502,1032,594.8,830.62
2025-12-31,1684,2124,1781,1514,1038,596.98,834.61
2026-01-01,1666,2132,1760,1528,1036,594.1,839.18
2026-01-02,1670,2129,1760,1516,1028,591.41,843.74
2026-01-03,1676,2121,1766,1520,1020,593.79,846.26
2026-01-04,1681,2120,1785,1526,1013,594.15,842.67
2026-01-05,1663,2125,1771,1511,1008,594.08,842.11
2026-01-06,1659,2123,1779,1513,1017,593.91,841.82
2026-01-07,1654,2096,1794,1508,1017,594.77,840.83
2026-01-08,1672,2115,1788,1494,1009,595.61,836.2
2026-01-09,1680,2135,1809,1483,1006,598.86,833.46
2026-01-10,1686,2150,1824,1471,1006,601.7,832.74
2026-01-11,1679,2149,1831,1484,1004,598.75,831.09
2026-01-12,1684,2173,1843,1486,1002,602.11,831.36
2026-01-13,1699,2151,1831,1494,1009,598.38,832.25
2026-01-14,1704,2131,1828,1496,1002,595.8,836.56
2026-01-15,1700,2123,1838,1511,1005,597.17,834.91
2026-01-16,1705,2135,1850,1516,1005,597.08,834.02
2026-01-17,1710,2147,1850,1530,1012,597.38,829.77
2026-01-18,1700,2132,1850,1514,1003,595.17,825.05
2026-01-19,1681,2114,1839,1501,1012,594.04,821.9
2026-01-20,1699,2109,1838,1488,1015,593.56,817.93
2026-01-21,1687,2127,1845,1485,1022,590.11,817.36
2026-01-22,1673,2137,1850,1492,1021,588.34,813.18
2026-01-23,1677,2128,1842,1495,1027,591.94,811.18
2026-01-24,1675,2108,1841,1505,1021,592.27,809.12
2026-01-25,1659,2085,1846,1519,1013,589.43,814.31
2026-01-26,1674,2058,1866,1511,1013,592.91,811.35
2026-01-27,1688,2047,1882,1515,1004,594.27,814.73
2026-01-28,1667,2065,1878,1500,1012,596.01,818.81
2026-01-29,1676,2051,1874,1485,1021,598.39,822.02
2026-01-30,1662,2028,1874,1472,1029,601.95,819.31
2026-01-31,1647,2044,1886,1479,1020,602.39,819.97
2026-02-01,1637,2050,1869,1484,1013,598.9,815.41
2026-02-02,1624,2065,1885,1491,1008,601.56,818.03
2026-02-03,1622,2063,1894,1492,1000,604.44,815.66
2026-02-04,1625,2079,1914,1478,993,605.44,813.86
2026-02-05,1639,2055,1898,1471,990,604.18,810.74
2026-02-06,1627,2057,1891,1477,985,601.41,806.21
2026-02-07,1646,2084,1879,1470,995,598.72,804
2026-02-08,1653,2092,1876,1473,991,595.68,807.73
2026-02-09,1643,2117,1884,1460,1001,595.73,803.66
2026-02-10,1653,2131,1863,1467,1005,596.59,799.97
2026-02-11,1663,2151,1873,1454,998,597.82,802.16
2026-02-12,1656,2121,1860,1463,994,596.37,806.6
2026-02-13,1655,2099,1875,1455,989,595.21,805.7
2026-02-14,1651,2091,1855,1457,989,596.08,803.66
2026-02-15,1670,2066,1872,1447,982,593.29,802.96
2026-02-16,1658,2076,1874,1434,989,594.32,801.63
2026-02-17,1661,2072,1891,1441,980,594.67,802.95
2026-02-18,1645,2095,1895,1456,981,598.03,807.91
2026-02-19,1650,2094,1905,1454,982,600.73,803.76
2026-02-20,1659,2122,1914,1459,984,596.77,806.36
2026-02-21,1646,2145,1914,1445,993,593.44,808.32
2026-02-22,1626,2126,1897,1432,992,596.45,807.36
2026-02-23,1636,2116,1901,1441,989,599.93,810.78
2026-02-24,1648,2108,1887,1443,982,597.19,813.12
2026-02-25,1631,2080,1909,1433,989,600.57,813.83
2026-02-26,1627,2090,1929,1434,991,602.43,814.95
2026-02-27,1637,2063,1918,1429,982,602.15,813.42
2026-02-28,1617,2065,1902,1419,989,598.42,812.53
2026-03-01,1636,2048,1898,1430,983,594.56,811.17
2026-03-02,1654,2067,1905,1426,973,591.13,814.26
2026-03-03,1648,2073,1899,1427,975,590.8,809.83
2026-03-04,1642,2095,1907,1434,968,590.32,814.36
2026-03-05,1652,2122,1909,1422,960,589.68,815.75
2026-03-06,1643,2128,1894,1419,966,586.14,815.62
2026-03-07,1656,2151,1894,1431,958,586.05,818.02
2026-03-08,1672,2155,1907,1436,963,587.65,815.98
2026-03-09,1689,2182,1902,1437,969,585.29,815.14
2026-03-10,1698,2203,1889,1442,977,584.09,811.67
2026-03-11,1680,2216,1881,1436,982,586.15,810.2
2026-03-12,1666,2212,1882,1450,979,584.73,808.84
2026-03-13,1672,2189,1895,1455,980,583.67,805.37
2026-03-14,1652,2159,1906,1447,974,584.67,800.6
2026-03-15,1662,2165,1886,1441,982,584.46,803.35
2026-03-16,1672,2180,1876,1448,977,582.65,802.15
2026-03-17,1654,2151,1868,1446,974,580.47,807.05
2026-03-18,1636,2146,1875,1446,969,580.97,809.39
2026-03-19,1637,2140,1863,1439,960,581.79,805.85
2026-03-20,1644,2120,1865,1436,964,585.35,803.07
2026-03-21,1648,2093,1868,1442,969,589.37,801.92
2026-03-22,1641,2068,1876,1428,977,586.78,805.7
2026-03-23,1658,2051,1874,1439,982,586.43,802.65
2026-03-24,1639,2074,1864,1447,988,586.69,798.05
2026-03-25,1657,2049,1869,1442,991,589.74,801.99
2026-03-26,1671,2050,1858,1454,989,592.15,801.97
2026-03-27,1676,2047,1851,1451,982,594.88,803.73
2026-03-28,1680,2051,1851,1461,978,597.87,800.11
2026-03-29,1693,2059,1838,1450,978,599.38,801.88
2026-03-30,1698,2079,1851,1445,986,596.57,800.78
2026-03-31,1685,2061,1859,1441,995,599.23,799.76
2026-04-01,1824,2222,2015,1544,1083,601.36,800.42
2026-04-02,1823,2205,2036,1535,1094,603.23,804.37
2026-04-03,1820,2236,2044,1546,1090,600.73,803.11
2026-04-04,1840,2209,2033,1533,1100,596.97,805.91
2026-04-05,1857,2188,2015,1538,1093,598.44,808.26
2026-04-06,1848,2213,2019,1533,1096,600.52,809.61
2026-04-07,1867,2186,2024,1534,1099,602.66,810.98
2026-04-08,1880,2185,2031,1531,1089,605.36,811.04
2026-04-09,1889,2216,2013,1523,1085,605.8,811.81
2026-04-10,1868,2217,2011,1538,1096,607.14,814.2
2026-04-11,1875,2242,2034,1530,1106,610.51,819.23
2026-04-12,1859,2238,2013,1527,1107,607.5,815.49
2026-04-13,1841,2215,1998,1514,1101,608.56,816.99
2026-04-14,1855,2217,1996,1529,1104,609.7,816.32
2026-04-15,1843,2236,1980,1518,1108,609.23,819.99
2026-04-16,1820,2207,1978,1533,1107,612.88,816.8
2026-04-17,1803,2213,1984,1518,1111,615.17,818
2026-04-18,1822,2207,1973,1510,1109,612.23,813.57
2026-04-19,1836,2239,1998,1497,1106,612.22,813.59
2026-04-20,1831,2237,2020,1504,1109,610.93,817.12
2026-04-21,1840,2207,2019,1498,1113,610.18,816.58
2026-04-22,1833,2230,2013,1490,1104,608.93,821.64
2026-04-23,1842,2198,2026,1493,1115,606.39,818.15
2026-04-24,1829,2185,2025,1496,1106,603.01,822.04
2026-04-25,1841,2170,2006,1484,1115,605.29,822.02
2026-04-26,1819,2145,2003,1473,1114,603.85,820.62
2026-04-27,1830,2169,2018,1489,1118,601.76,818.06
2026-04-28,1846,2196,2017,1494,1117,603.07,822.42
2026-04-29,1854,2180,2040,1485,1115,602.83,818.39
2026-04-30,1847,2198,2044,1485,1122,602.89,823.33
2026-05-01,1845,2225,2043,1502,1116,602.05,827.88
2026-05-02,1829,2218,2067,1502,1123,602.47,831.01
2026-05-03,1841,2203,2054,1489,1118,604.9,830.37
2026-05-04,1845,2172,2066,1482,1124,605.54,828.12
2026-05-05,1837,2178,2055,1478,1132,604.78,831.87
2026-05-06,1816,2168,2070,1493,1128,608.05,827.12
2026-05-07,1826,2198,2063,1492,1121,609.85,825.09
2026-05-08,1817,2205,2082,1505,1114,609.95,827.26
2026-05-09,1827,2231,2087,1508,1118,610.1,825.11
2026-05-10,1820,2252,2081,1525,1126,612.29,829.97
2026-05-11,1809,2221,2062,1523,1128,609.02,833.13
2026-05-12,1799,2202,2076,1512,1120,609.54,835.69
2026-05-13,1803,2181,2094,1515,1113,606.11,834.02
2026-05-14,1800,2163,2084,1521,1119,606.77,832.21
2026-05-15,1813,2144,2100,1520,1109,604.64,834.14
2026-05-16,1792,2149,2096,1526,1103,604.7,833.55
2026-05-17,1770,2141,2072,1540,1113,607.83,831.36
2026-05-18,1766,2175,2072,1530,1103,604.41,829.33
2026-05-19,1780,2183,2060,1526,1108,606.96,824.75
2026-05-20,1775,2197,2046,1526,1119,606.52,820.21
2026-05-21,1793,2205,2031,1525,1110,602.66,823.96
2026-05-22,1788,2175,2027,1530,1120,603.22,820.8
2026-05-23,1774,2183,2009,1516,1113,603.09,818.86
2026-05-24,1764,2152,2024,1532,1107,603.31,815.35
2026-05-25,1783,2141,2002,1545,1115,602.12,815.57
2026-05-26,1771,2159,2011,1544,1124,603.29,814.29
2026-05-27,1790,2139,2010,1541,1113,600.21,818.43
2026-05-28,1792,2111,2018,1532,1118,596.42,816.37
2026-05-29,1790,2092,1997,1538,1115,598.84,814.2
2026-05-30,1810,2072,2003,1553,1105,598.2,811.22
2026-05-31,1789,2072,1984,1541,1107,601.43,808.83
2026-06-01,1916,2223,2099,1649,1176,602.62,810.63
2026-06-02,1914,2203,2104,1634,1179,600.15,813.08
2026-06-03,1904,2235,2098,1642,1172,600.42,813.65
2026-06-04,1923,2222,2100,1627,1180,596.62,809.75
2026-06-05,1940,2192,2085,1629,1170,599.1,813.25
2026-06-06,1945,2218,2080,1621,1165,600.19,808.93
2026-06-07,1938,2225,2073,1637,1175,600.4,808.9
2026-06-08,1954,2224,2059,1643,1163,603.05,809.67
2026-06-09,1935,2250,2073,1640,1167,602.49,812.27
2026-06-10,1914,2245,2055,1645,1168,600.74,811.86
2026-06-11,1896,2274,2050,1657,1158,604.2,816.93
2026-06-12,1896,2289,2055,1672,1168,603.48,813.16
2026-06-13,1893,2262,2067,1664,1162,602.27,817.45
2026-06-14,1897,2286,2052,1664,1155,602.73,813.89
2026-06-15,1890,2275,2067,1652,1162,601.81,810.03
2026-06-16,1869,2301,2066,1646,1169,604.26,810.23
2026-06-17,1871,2273,2047,1653,1179,601.07,809.44
2026-06-18,1884,2278,2053,1667,1172,601.65,806.01
2026-06-19,1861,2311,2054,1678,1183,602.51,802.55
2026-06-20,1875,2319,2064,1681,1172,605.03,803.71
2026-06-21,1860,2299,2074,1669,1179,605.14,805.2
2026-06-22,1846,2328,2055,1671,1184,606.19,804.06
2026-06-23,1831,2313,2067,1662,1178,603.79,802.79
2026-06-24,1849,2346,2085,1663,1172,605.08,807.65
2026-06-25,1835,2365,2104,1660,1176,604.85,812.47
2026-06-26,1814,2359,2111,1673,1175,603.5,816.64
2026-06-27,1829,2361,2130,1674,1176,604.29,817.2
2026-06-28,1850,2335,2105,1675,1165,601.55,822.1
2026-06-29,1849,2304,2118,1684,1158,603.88,819.31
2026-06-30,1832,2306,2141,1699,1157,606.61,820.47
2026-07-01,1818,2334,2124,1694,1156,605.19,819.82
2026-07-02,1808,2322,2128,1681,1164,605.08,818.82
2026-07-03,1793,2336,2124,1666,1173,603,822.98
2026-07-04,1781,2342,2118,1673,1181,602.46,821.36
2026-07-05,1803,2367,2095,1672,1186,604.13,824.43
2026-07-06,1794,2378,2092,1663,1180,604.72,829.22
2026-07-07,1808,2401,2085,1662,1191,605.43,831.22
2026-07-08,1826,2434,2112,1650,1193,605.6,831.02
2026-07-09,1825,2451,2132,1647,1187,605.36,831.83
2026-07-10,1810,2420,2142,1646,1176,602.18,828.55
2026-07-11,1793,2448,2151,1643,1166,605.53,832.81
2026-07-12,1795,2476,2152,1646,1155,601.53,833.42
2026-07-13,1809,2500,2160,1651,1165,599.73,837.21
2026-07-14,1831,2530,2164,1642,1154,602.91,833.61
2026-07-15,1821,2507,2182,1654,1152,601.71,836.66
2026-07-16,1803,2518,2178,1670,1147,599.85,837.38
2026-07-17,1825,2498,2180,1659,1151,596.66,833.52
2026-07-18,1828,2478,2197,1643,1140,596.1,831.65
2026-07-19,1821,2510,2215,1647,1139,592.73,836.56
2026-07-20,1801,2527,2239,1658,1136,591.54,840.73
2026-07-21,1802,2558,2244,1649,1140,593.4,844.4
2026-07-22,1796,2522,2258,1632,1131,593.76,845.24
2026-07-23,1797,2500,2282,1632,1142,595.33,849.82
2026-07-24,1813,2480,2287,1639,1144,598.03,851.49
2026-07-25,1799,2503,2299,1636,1135,595.6,855.83
2026-07-26,1811,2471,2298,1649,1127,595.38,856.69
2026-07-27,1809,2482,2301,1666,1137,597.9,854.68
2026-07-28,1809,2481,2314,1653,1132,601.76,854.57
2026-07-29,1799,2470,2322,1666,1133,602.72,858.06
2026-07-30,1808,2462,2343,1672,1137,601.46,858.76
2026-07-31,1825,2432,2351,1679,1144,601.36,854.44
2026-08-01,1832,2411,2365,1668,1137,602.06,856.36
2026-08-02,1822,2405,2387,1678,1148,601.22,855.73
2026-08-03,1835,2371,2400,1674,1139,599.2,854.69
2026-08-04,1822,2387,2379,1667,1136,598.01,859.27
2026-08-05,1839,2400,2402,1672,1137,596.01,862.79
2026-08-06,1835,2366,2374,1687,1130,598.74,866.14
2026-08-07,1833,2343,2352,1676,1135,596.07,867.02
2026-08-08,1828,2348,2355,1680,1146,592.16,870.75
2026-08-09,1835,2357,2329,1691,1142,588.23,866.87
2026-08-10,1816,2346,2326,1694,1152,587.12,865.65
2026-08-11,1802,2379,2315,1700,1157,585.24,860.71
2026-08-12,1815,2359,2316,1715,1155,584.1,863.38
2026-08-13,1831,2382,2298,1721,1149,584.46,865.09
2026-08-14,1849,2362,2282,1704,1149,587.76,861.21
2026-08-15,1838,2354,2282,1699,1139,588.12,858.48
2026-08-16,1841,2372,2296,1684,1144,588.82,861.61
2026-08-17,1853,2370,2278,1699,1152,585.36,857.49
2026-08-18,1852,2368,2257,1712,1149,588.25,854.74
2026-08-19,1835,2356,2278,1725,1151,589.87,858.39
2026-08-20,1819,2389,2295,1730,1145,587.57,855.55
2026-08-21,1831,2371,2272,1713,1136,585.95,859.03
2026-08-22,1836,2394,2285,1722,1144,587.22,857.03
2026-08-23,1840,2366,2270,1727,1139,587.28,852.03
2026-08-24,1833,2366,2257,1744,1137,584.81,848.86